file	function	start	lines
src/apple_container_sandbox.rs	build_run_args	141	77
src/apple_container_sandbox.rs	up	344	113
src/apple_container_sandbox.rs	stop_container	562	51
src/behavior.rs	spawn_with_classifier	126	73
src/behavior.rs	ingest	254	84
src/behavior.rs	enqueue	338	59
src/behavior.rs	classify	397	62
src/behavior.rs	persist_classification	493	92
src/behavior_classifier.rs	evaluate	233	126
src/behavior_classifier.rs	validate_evaluation	570	115
src/behavior_cli.rs	run	118	143
src/behavior_cli.rs	build_classifier	274	72
src/behavior_evaluation.rs	validate	86	66
src/behavior_evaluation.rs	replay	178	77
src/behavior_evaluation.rs	evaluate_manifest	364	235
src/commands/config.rs	cmd_config_mitm	36	139
src/commands/down.rs	validate_target_pid	51	56
src/commands/init.rs	cmd_init	26	256
src/commands/init.rs	generate_toml	300	110
src/commands/logs.rs	tail_lines	181	55
src/commands/mcp/exec_capture.rs	exec_on_session_capture	27	92
src/commands/mcp/mod.rs	handle_message	73	86
src/commands/mcp/tools.rs	handle_sandbox_exec_with_dir	88	56
src/commands/mcp/tools.rs	handle_sandbox_shell_with_dir	152	55
src/commands/up.rs	cmd_up	20	99
src/commands/up.rs	install_ca_cert	202	85
src/config/mod.rs	validate_for_platform	276	71
src/config/mod.rs	validate_share_paths	350	77
src/config/mod.rs	to_sandbox_config_for_platform	437	70
src/dtrace_tracer.rs	parse_dtrace_line	355	136
src/dtrace_tracer.rs	start	499	129
src/ebpf_tracer/abi.rs	validate_object	4	79
src/ebpf_tracer/observation.rs	convert	94	172
src/ebpf_tracer.rs	convert_raw_event	217	60
src/ebpf_tracer.rs	start	281	293
src/engine.rs	start	202	141
src/landlock_sandbox.rs	build_ruleset	55	83
src/landlock_sandbox.rs	exec	273	59
src/main.rs	acquire_instance_lock	263	54
src/main.rs	run_with	443	112
src/proxy_manager.rs	start_http_capture	75	62
src/proxy_manager.rs	validate_ca_cert_path	240	50
src/qemu_sandbox.rs	build_qemu_args	145	81
src/qemu_sandbox.rs	wait_for_agent_ready	350	67
src/qemu_sandbox.rs	send_command	438	69
src/qemu_sandbox.rs	up	650	157
src/rules/network_allowlist.rs	resolve_hosts_with_timeout	89	81
src/vm_agent_tracer.rs	receive_events	194	56
src/vm_agent_tracer.rs	start	311	78
izanagi-agent/src/connection.rs	handle_connection	60	306
izanagi-agent/src/connection.rs	handle_shell	368	174
izanagi-agent/src/exec.rs	execute_command	41	160
izanagi-agent/src/main.rs	main	39	62
izanagi-agent/src/shell.rs	try_reap	26	50
izanagi-agent/src/shell.rs	relay_shell	125	122
izanagi-agent/src/sidecar.rs	start	65	198
izanagi-dns-proxy/src/main.rs	main	41	50
izanagi-dns-proxy/src/proxy.rs	run	30	52
izanagi-dns-proxy/src/proxy.rs	handle_query	197	102
izanagi-ebpf/src/main.rs	emit_event	113	65
izanagi-ebpf/src/main.rs	inet_sock_set_state	405	94
izanagi-http-capture/src/behavior_forward.rs	parse_header	70	98
izanagi-http-capture/src/behavior_forward.rs	forward	290	110
izanagi-http-capture/src/behavior_forward.rs	handle	413	91
izanagi-http-capture/src/behavior_forward.rs	run	505	55
izanagi-http-capture/src/http_capture.rs	parse_http_request	104	91
izanagi-http-capture/src/main.rs	main	88	150
izanagi-http-capture/src/tls_mitm.rs	run	40	72
izanagi-http-capture/src/tls_mitm.rs	handle_connection	113	122
izanagi-http-capture/src/tls_sni.rs	extract_sni	103	84
izanagi-http-capture/src/upstream.rs	forward_https_inner	41	75
izanagi-http-capture/src/upstream.rs	build_http_request	125	50
izanagi-telemetry/src/correlation.rs	prune	145	90
izanagi-telemetry/src/correlation.rs	snapshot	334	374
izanagi-telemetry/src/correlation.rs	related	709	52
izanagi-telemetry/src/schema.rs	validate	235	67
izanagi-telemetry/src/store.rs	validate	106	92
izanagi-telemetry/src/store.rs	read_records	304	51
izanagi-telemetry/src/store.rs	append	440	60
