src/commands/config.rs	cmd_config_mitm	36	139
src/engine.rs	start	202	141
src/landlock_sandbox.rs	build_ruleset	55	83
src/landlock_sandbox.rs	exec	273	59
izanagi-dns-proxy/src/main.rs	main	41	50
izanagi-dns-proxy/src/proxy.rs	run	30	52
izanagi-dns-proxy/src/proxy.rs	handle_query	197	102
izanagi-ebpf/src/main.rs	emit_event	113	65
izanagi-ebpf/src/main.rs	inet_sock_set_state	405	94
izanagi-http-capture/src/behavior_forward.rs	parse_header	70	98
izanagi-http-capture/src/behavior_forward.rs	forward	290	110
izanagi-http-capture/src/behavior_forward.rs	handle	413	91
izanagi-http-capture/src/behavior_forward.rs	run	505	55
izanagi-http-capture/src/http_capture.rs	parse_http_request	104	91
izanagi-http-capture/src/main.rs	main	88	150
izanagi-http-capture/src/tls_mitm.rs	run	40	72
izanagi-http-capture/src/tls_mitm.rs	handle_connection	113	122
izanagi-http-capture/src/tls_sni.rs	extract_sni	103	84
izanagi-http-capture/src/upstream.rs	forward_https_inner	41	75
izanagi-http-capture/src/upstream.rs	build_http_request	125	50
izanagi-telemetry/src/correlation.rs	finish_snapshot	462	50
